Workbook

Sheet Legend & Setup
A1: Project Start Date (edit this cell) | B1: 46223
A3: Role color legend
A4: Phase 0 - Proposal & Planning
A5: Phase 1 - System Design
A6: Phase 2 - Single Door-Node Prototype
A7: Phase 3 - Backend & Database
A8: Phase 4 - Dashboard
A9: Phase 5 - Security & Fail-Safe
A10: Phase 6 - Multi-Node Scaling
A11: Phase 7 - Full System Testing
A12: Phase 8 - Documentation
A13: Phase 9 - Presentation & Defense Prep
A16: Roles
... A23: QA/Documentation

Sheet Project Timeline
A1: Phase | B1: ID | C1: Task | D1: Owner | E1: Start Wk | F1: End Wk | G1: Duration (wk) | H1: Start Date | I1: End Date | J1: Dependencies | K1: Status | L1: 1 | M1: 2 | N1: 3 | O1: 4 | P1: 5 | Q1: 6 | R1: 7 | S1: 8 | T1: 9 | U1: 10 | V1: 11 | W1: 12 | X1: 13 | Y1: 14 | Z1: 15 | AA1: 16 | AB1: 17 | AC1: 18 | AD1: 19 | AE1: 20 | AF1: 21 | AG1: 22 | AH1: 23 | AI1: 24 | AJ1: 25 | AK1: 26 | AL1: 27 | AM1: 28 | AN1: 29 | AO1: 30 | AP1: 31 | AQ1: 32 | AR1: 33 | AS1: 34
A2: Phase 0 - Proposal & Planning | B2: P0.1 | C2: Finalize architecture decisions (credential type, network topology, fail-safe/fail-secure) | D2: Whole Team (PM) | E2: 1 | F2: 1 | G2: =F2-E2+1 -> 1 | H2: ='Legend & Setup'!$B$1+(E2-1)*7 -> 46223 | I2: ='Legend & Setup'!$B$1+F2*7-1 -> 46229 | K2: Not Started
A3: Phase 0 - Proposal & Planning | B3: P0.2 | C3: Research related/competitor systems (Genetec, Salto, HID) | D3: Network/Security | E3: 1 | F3: 2 | G3: =F3-E3+1 -> 2 | H3: ='Legend & Setup'!$B$1+(E3-1)*7 -> 46223 | I3: ='Legend & Setup'!$B$1+F3*7-1 -> 46236 | K3: Not Started
A4: Phase 0 - Proposal & Planning | B4: P0.3 | C4: Revise proposal document (architecture, stack, security, risk, budget) | D4: Whole Team (PM) | E4: 1 | F4: 2 | G4: =F4-E4+1 -> 2 | H4: ='Legend & Setup'!$B$1+(E4-1)*7 -> 46223 | I4: ='Legend & Setup'!$B$1+F4*7-1 -> 46236 | J4: P0.1 | K4: Not Started
A5: Phase 0 - Proposal & Planning | B5: P0.4 | C5: Draft budget & bill of materials (BOM) | D5: Hardware/Circuit | E5: 2 | F5: 2 | G5: =F5-E5+1 -> 1 | H5: ='Legend & Setup'!$B$1+(E5-1)*7 -> 46230 | I5: ='Legend & Setup'!$B$1+F5*7-1 -> 46236 | J5: P0.1 | K5: Not Started
A6: Phase 0 - Proposal & Planning | B6: P0.5 | C6: Draft risk & mitigation section | D6: Whole Team (PM) | E6: 2 | F6: 2 | G6: =F6-E6+1 -> 1 | H6: ='Legend & Setup'!$B$1+(E6-1)*7 -> 46230 | I6: ='Legend & Setup'!$B$1+F6*7-1 -> 46236 | K6: Not Started
A7: Phase 0 - Proposal & Planning | B7: P0.6 | C7: Assign roles & build project timeline | D7: Whole Team (PM) | E7: 1 | F7: 1 | G7: =F7-E7+1 -> 1 | H7: ='Legend & Setup'!$B$1+(E7-1)*7 -> 46223 | I7: ='Legend & Setup'!$B$1+F7*7-1 -> 46229 | K7: Not Started
A8: Phase 0 - Proposal & Planning | B8: P0.7 | C8: Supervisor review & proposal sign-off | D8: Whole Team (PM) | E8: 3 | F8: 3 | G8: =F8-E8+1 -> 1 | H8: ='Legend & Setup'!$B$1+(E8-1)*7 -> 46237 | I8: ='Legend & Setup'!$B$1+F8*7-1 -> 46243 | J8: P0.3 | K8: Not Started
A9: Phase 0 - Proposal & Planning | B9: P0.8 | C9: Order hardware components | D9: Hardware/Circuit | E9: 3 | F9: 3 | G9: =F9-E9+1 -> 1 | H9: ='Legend & Setup'!$B$1+(E9-1)*7 -> 46237 | I9: ='Legend & Setup'!$B$1+F9*7-1 -> 46243 | J9: P0.4,P0.7 | K9: Not Started
A10: Phase 1 - System Design | B10: P1.1 | C10: Draw system block diagram (3-layer architecture) | D10: Network/Security | E10: 3 | F10: 4 | G10: =F10-E10+1 -> 2 | H10: ='Legend & Setup'!$B$1+(E10-1)*7 -> 46237 | I10: ='Legend & Setup'!$B$1+F10*7-1 -> 46250 | J10: P0.7 | K10: Not Started
A11: Phase 1 - System Design | B11: P1.2 | C11: Design door-node circuit schematic | D11: Hardware/Circuit | E11: 3 | F11: 5 | G11: =F11-E11+1 -> 3 | H11: ='Legend & Setup'!$B$1+(E11-1)*7 -> 46237 | I11: ='Legend & Setup'!$B$1+F11*7-1 -> 46257 | J11: P0.7 | K11: Not Started
A12: Phase 1 - System Design | B12: P1.3 | C12: Simulate circuit in Proteus/Multisim before build | D12: Hardware/Circuit | E12: 5 | F12: 5 | G12: =F12-E12+1 -> 1 | H12: ='Legend & Setup'!$B$1+(E12-1)*7 -> 46251 | I12: ='Legend & Setup'!$B$1+F12*7-1 -> 46257 | J12: P1.2 | K12: Not Started
A13: Phase 1 - System Design | B13: P1.4 | C13: Define DB schema (users, credentials, doors, schedules, logs) | D13: Backend/Database | E13: 4 | F13: 5 | G13: =F13-E13+1 -> 2 | H13: ='Legend & Setup'!$B$1+(E13-1)*7 -> 46244 | I13: ='Legend & Setup'!$B$1+F13*7-1 -> 46257 | J13: P1.1 | K13: Not Started
A14: Phase 1 - System Design | B14: P1.5 | C14: Define REST API spec | D14: Backend/Database | E14: 5 | F14: 5 | G14: =F14-E14+1 -> 1 | H14: ='Legend & Setup'!$B$1+(E14-1)*7 -> 46251 | I14: ='Legend & Setup'!$B$1+F14*7-1 -> 46257 | J14: P1.4 | K14: Not Started
A15: Phase 1 - System Design | B15: P1.6 | C15: Define MQTT topics / RS-485 message format | D15: Network/Security | E15: 5 | F15: 5 | G15: =F15-E15+1 -> 1 | H15: ='Legend & Setup'!$B$1+(E15-1)*7 -> 46251 | I15: ='Legend & Setup'!$B$1+F15*7-1 -> 46257 | J15: P1.1 | K15: Not Started
A16: Phase 1 - System Design | B16: P1.7 | C16: Define firmware state machine for door node | D16: Embedded/Firmware | E16: 4 | F16: 5 | G16: =F16-E16+1 -> 2 | H16: ='Legend & Setup'!$B$1+(E16-1)*7 -> 46244 | I16: ='Legend & Setup'!$B$1+F16*7-1 -> 46257 | J16: P1.1 | K16: Not Started
A17: Phase 1 - System Design | B17: P1.8 | C17: Write security design doc (encryption, credential storage, tamper detection) | D17: Network/Security | E17: 5 | F17: 6 | G17: =F17-E17+1 -> 2 | H17: ='Legend & Setup'!$B$1+(E17-1)*7 -> 46251 | I17: ='Legend & Setup'!$B$1+F17*7-1 -> 46264 | J17: P1.6 | K17: Not Started
A18: Phase 1 - System Design | B18: P1.9 | C18: Design dashboard wireframes/UI mockups | D18: Frontend/Dashboard | E18: 5 | F18: 6 | G18: =F18-E18+1 -> 2 | H18: ='Legend & Setup'!$B$1+(E18-1)*7 -> 46251 | I18: ='Legend & Setup'!$B$1+F18*7-1 -> 46264 | J18: P1.4 | K18: Not Started
A19: Phase 1 - System Design | B19: P1.10 | C19: Design review with supervisor | D19: Whole Team (PM) | E19: 6 | F19: 6 | G19: =F19-E19+1 -> 1 | H19: ='Legend & Setup'!$B$1+(E19-1)*7 -> 46258 | I19: ='Legend & Setup'!$B$1+F19*7-1 -> 46264 | J19: P1.1,P1.2,P1.4,P1.7,P1.8,P1.9 | K19: Not Started
... A58: Phase 7 - Full System Testing | B58: P7.5 | C58: Bug fixing & regression testing | D58: Whole Team (PM) | E58: 26 | F58: 27 | G58: =F58-E58+1 -> 2 | H58: ='Legend & Setup'!$B$1+(E58-1)*7 -> 46398 | I58: ='Legend & Setup'!$B$1+F58*7-1 -> 46411 | J58: P7.1,P7.2,P7.3,P7.4 | K58: Not Started
A59: Phase 8 - Documentation | B59: P8.1 | C59: Draft report: Introduction & Problem Statement | D59: Whole Team (PM) | E59: 26 | F59: 26 | G59: =F59-E59+1 -> 1 | H59: ='Legend & Setup'!$B$1+(E59-1)*7 -> 46398 | I59: ='Legend & Setup'!$B$1+F59*7-1 -> 46404 | K59: Not Started
A60: Phase 8 - Documentation | B60: P8.2 | C60: Draft report: System Architecture & Design | D60: Embedded/Firmware | E60: 27 | F60: 27 | G60: =F60-E60+1 -> 1 | H60: ='Legend & Setup'!$B$1+(E60-1)*7 -> 46405 | I60: ='Legend & Setup'!$B$1+F60*7-1 -> 46411 | J60: P1.10 | K60: Not Started
A61: Phase 8 - Documentation | B61: P8.3 | C61: Draft report: Implementation chapters | D61: Backend/Database | E61: 28 | F61: 28 | G61: =F61-E61+1 -> 1 | H61: ='Legend & Setup'!$B$1+(E61-1)*7 -> 46412 | I61: ='Legend & Setup'!$B$1+F61*7-1 -> 46418 | J61: P7.5 | K61: Not Started
A62: Phase 8 - Documentation | B62: P8.4 | C62: Draft report: Testing & Evaluation results | D62: QA/Documentation | E62: 29 | F62: 29 | G62: =F62-E62+1 -> 1 | H62: ='Legend & Setup'!$B$1+(E62-1)*7 -> 46419 | I62: ='Legend & Setup'!$B$1+F62*7-1 -> 46425 | J62: P7.5 | K62: Not Started
A63: Phase 8 - Documentation | B63: P8.5 | C63: Write user/deployment manual | D63: Whole Team (PM) | E63: 29 | F63: 30 | G63: =F63-E63+1 -> 2 | H63: ='Legend & Setup'!$B$1+(E63-1)*7 -> 46419 | I63: ='Legend & Setup'!$B$1+F63*7-1 -> 46432 | J63: P7.5 | K63: Not Started
A64: Phase 8 - Documentation | B64: P8.6 | C64: Full report review & editing | D64: Whole Team (PM) | E64: 30 | F64: 31 | G64: =F64-E64+1 -> 2 | H64: ='Legend & Setup'!$B$1+(E64-1)*7 -> 46426 | I64: ='Legend & Setup'!$B$1+F64*7-1 -> 46439 | J64: P8.1,P8.2,P8.3,P8.4,P8.5 | K64: Not Started
A65: Phase 8 - Documentation | B65: P8.7 | C65: Submit final report | D65: Whole Team (PM) | E65: 31 | F65: 31 | G65: =F65-E65+1 -> 1 | H65: ='Legend & Setup'!$B$1+(E65-1)*7 -> 46433 | I65: ='Legend & Setup'!$B$1+F65*7-1 -> 46439 | J65: P8.6 | K65: Not Started
A66: Phase 9 - Presentation & Defense Prep | B66: P9.1 | C66: Build presentation slides | D66: Whole Team (PM) | E66: 31 | F66: 32 | G66: =F66-E66+1 -> 2 | H66: ='Legend & Setup'!$B$1+(E66-1)*7 -> 46433 | I66: ='Legend & Setup'!$B$1+F66*7-1 -> 46446 | J66: P8.6 | K66: Not Started
A67: Phase 9 - Presentation & Defense Prep | B67: P9.2 | C67: Prepare live demo script & backup plan | D67: Whole Team (PM) | E67: 32 | F67: 32 | G67: =F67-E67+1 -> 1 | H67: ='Legend & Setup'!$B$1+(E67-1)*7 -> 46440 | I67: ='Legend & Setup'!$B$1+F67*7-1 -> 46446 | J67: P7.5 | K67: Not Started
A68: Phase 9 - Presentation & Defense Prep | B68: P9.3 | C68: Rehearse defense Q&A | D68: Whole Team (PM) | E68: 33 | F68: 33 | G68: =F68-E68+1 -> 1 | H68: ='Legend & Setup'!$B$1+(E68-1)*7 -> 46447 | I68: ='Legend & Setup'!$B$1+F68*7-1 -> 46453 | J68: P9.1,P9.2 | K68: Not Started
A69: Phase 9 - Presentation & Defense Prep | B69: P9.4 | C69: Final equipment check & demo dry run | D69: Whole Team (PM) | E69: 33 | F69: 34 | G69: =F69-E69+1 -> 2 | H69: ='Legend & Setup'!$B$1+(E69-1)*7 -> 46447 | I69: ='Legend & Setup'!$B$1+F69*7-1 -> 46460 | J69: P9.2 | K69: Not Started
A70: Phase 9 - Presentation & Defense Prep | B70: P9.5 | C70: Project defense | D70: Whole Team (PM) | E70: 34 | F70: 34 | G70: =F70-E70+1 -> 1 | H70: ='Legend & Setup'!$B$1+(E70-1)*7 -> 46454 | I70: ='Legend & Setup'!$B$1+F70*7-1 -> 46460 | J70: P9.3,P9.4 | K70: Not Started
